,step,amount,oldbalanceOrg,newbalanceOrig,oldbalanceDest,newbalanceDest,isFraud,isFlaggedFraud
count,6362620.0,6362620.0,6362620.0,6362620.0,6362620.0,6362620.0,6362620.0,6362620.0
mean,243.39724563151657,179861.90354913071,833883.1040744866,855113.6685785869,1100701.6665196486,1224996.3982019299,0.001290820448180152,2.51468734577894e-06
std,142.33197104912992,603858.2314629358,2888242.6730375555,2924048.5029542665,3399180.1129944767,3674128.9421196356,0.03590479680160413,0.001585774705736547
min,1.0,0.0,0.0,0.0,0.0,0.0,0.0,0.0
25%,156.0,13389.57,0.0,0.0,0.0,0.0,0.0,0.0
50%,239.0,74871.94,14208.0,0.0,132705.66499999998,214661.44,0.0,0.0
75%,335.0,208721.47750000004,107315.175,144258.41,943036.7075,1111909.25,0.0,0.0
max,743.0,92445516.64,59585040.37,49585040.37,356015889.35,356179278.92,1.0,1.0
